﻿<?xml version="1.0" encoding="utf-8"?>
<customization xmlns:scs="http://scs.sonyericsson.net/xsd/CDAGInput.xsd">
  <info>
    <pcr-created>2006-09-19T13:41:01</pcr-created>
    <created-by>OnlyOne</created-by>
    <pcr-id>54859</pcr-id>
    <pcr-revision>RA1</pcr-revision>
    <cda-number>CDA102737/4</cda-number>
    <cda-revision>R1A</cda-revision>
    <model>W200i</model>
    <country>Romania</country>
    <operator>Sony Ericsson</operator>
    <language-variant-name>MEDITERR</language-variant-name>
    <allowed-language>en</allowed-language>
    <allowed-language>el</allowed-language>
    <allowed-language>sq</allowed-language>
    <allowed-language>ro</allowed-language>
    <allowed-language>bg</allowed-language>
  </info>
  <clock>
    <date>2007-09-11</date>
  </clock>
  <wap>
    <bookmark name="Sony Ericsson">http://wap.sonyericsson.com</bookmark>
  </wap>
  <mmi>
    <settings>
      <home-network-specific>
        <allow-ciphering-indication>true</allow-ciphering-indication>
      </home-network-specific>
    </settings>
  </mmi>
</customization>